Mesh Names,Tip_Label,Taxon,Superorder,Order,Family,Collection,Specimen_ID,Scan Location,Status,Geologic Age (First Appearance),Locomotion,Diet,Habitat,Social,Activity,Development,Mesh Type
Acinonyx Jubatus,Acinonyx_jubatus,Acinonyx jubatus,Laurasiatheria,Carnivora,Felidae,AMNH,FM 145071,Morphosource,Extant,Recent,Terrestrial,Carnivore,Open,Solitary,Diurnal,Altricial,Open 
Acratocnus Odontrigonus,Acratocnus_odontrigonus,Acratocnus odontrigonus,Xenarthra,Pilosa,Megalonychidae,AMNH,FM 17721,Morphosource,Extinct,Pleistocene,Terrestrial,Herbivore,,,,,Closed 
Adapis Magnus,Adapis_magnus,Adapis magnus,Euarchontaglires,Primates,Adapidae,MNHN.F,QU10875,Phenome10K,Extinct,Eocene,Arboreal,Herbivore,,,,,Closed 
Adinotherium Ovinum,Adinotherium_ovinum,Adinotherium ovinum,Laurasiatheria,Notoungulata,Toxodontidae,MLP,12 Feb,,Extinct,Miocene,Terrestrial,Herbivore,,,,,Closed 
Aelurocyon Sp,Aelurocyon_sp,Aelurocyon sp,Laurasiatheria,Carnivora,Mustelidae,AMNH,F:AM 25430,Morphosource,Extinct,Oligocene,Terrestrial,Carnivore,,,,,Closed 
Aepyceros Melampus,Aepyceros_melampus,Aepyceros melampus,Laurasiatheria,Artiodactyla,Bovidae,NHMUK ZD,1966.448,Phenome10K,Extant,Recent,Terrestrial,Herbivore,Open,Social,Diurnal,Precocial,Closed 
Aetiocetus Cotylalveus,Aetiocetus_cotylalveus,Aetiocetus cotylalveus,Laurasiatheria,Cetacea,Aetiocetidae,USNM,25210,Phenome10K,Extinct,Oligocene,Aquatic,Carnivore,,,,,Closed 
Agriochoerus Sp,Agriochoerus_sp,Agriochoerus sp,Laurasiatheria,Artiodactyla,Agriochoeridae,AMNH,F:AM 95330,Morphosource,Extinct,Oligocene,Semi-arboreal,Herbivore,,,,,Closed 
Ailuropoda Melanoleuca,Ailuropoda_melanoleuca,Ailuropoda melanoleuca,Laurasiatheria,Carnivora,Ursidae,MNHN-ZO-AC,1874-273,Phenome10K,Extant,Recent,Terrestrial,Herbivore,Closed,Solitary,Nocturnal,Altricial,Closed 
Ailurus Fulgens,Ailurus_fulgens,Ailurus fulgens,Laurasiatheria,Carnivora,Ailuridae,MNHN-ZO-AC,1960_85,Phenome10K,Extant,Recent,Arboreal,Herbivore,Closed,Solitary,Nocturnal,Altricial,Closed 
Aletomeryx Scotti,Aletomeryx_scotti,Aletomeryx scotti,Laurasiatheria,Artiodactyla,Palaeomerycidae,AMNH,F:AM 99947,Morphosource,Extinct,Miocene,Terrestrial,Herbivore,,,,,Closed 
Allodesmus Gracilis,Allodesmus_gracilis,Allodesmus kernensis,Laurasiatheria,Carnivora,Desmatophocidae,LACM,138167,Phenome10K,Extinct,Miocene,Aquatic,Carnivore,,,,,Closed 
Alouatta Palliata,Alouatta_palliata,Alouatta palliata,Euarchontaglires,Primates,Atelidae,NHMUK ZD,1903.3.1.6,Phenome10K,Extant,Recent,Arboreal,Herbivore,Closed,Social,Diurnal,Altricial,Closed 
Amblysomus Sp,Amblysomus_hottentotus,Amblysomus sp,Afrotheria,Afrosoricida,Chrysochloridae,LDUCZ,z.660,Phenome10K,Extant,Recent,Fossorial,Invertivore,Mixed terrestrial,Solitary,Nocturnal,Altricial,Closed 
Anchitherium Agatensis,Anchitherium_agalensis,Anchitherium agatensis,Laurasiatheria,Perissodactyla,Equidae,FMNH,P12147,Morphosource,Extinct,Miocene,Terrestrial,Herbivore,,,,,Closed 
Anomalurus Jacksoni,Anomalurus_beecrofti,Anomalurus beecrofti,Euarchontaglires,Rodentia,Anomaluridae,NHMUK ZD,1930.11.11.261,Phenome10K,Extant,Recent,Arboreal,Herbivore,Closed,Solitary,Nocturnal,Precocial,Closed 
Anoplotherium Commune,Anoplotherium_commune,Anoplotherium commune,Laurasiatheria,Artiodactyla,Anoplotheriidae,MNHN.F,QU399,Phenome10K,Extinct,Eocene,Terrestrial,Herbivore,,,,,Closed 
Antilocapra Americana,Antilocapra_americana,Antilocapra americana,Laurasiatheria,Artiodactyla,Antilocapridae,NHMUK ZD,1867.10.5.1/GERM 635d,Phenome10K,Extant,Recent,Terrestrial,Herbivore,Open,Social,Diurnal,Precocial,Open 
Aotus Trivirgatus,Aotus_trivirgatus,Aotus trivirgatus,Euarchontaglires,Primates,Aotidae,MNHN-ZO-AC,1976-544,,Extant,Recent,Arboreal,Omnivore,Closed,Social,Nocturnal,Altricial,Closed 
Apternodus Brevirostris,Apternodus_brevirostris,Apternodus brevirostris,Stem,Zalambdalestidae,Apternodontidae,AMNH,FM 22466,Morphosource,Extinct,Eocene,Terrestrial,Invertivore,,,,,Closed 
Archaeolemur Edwardsi,Archaeolemur_edwardsi,Archaeolemur edwardsi,Euarchontaglires,Primates,Archaeolemuridae,MNHN.F,MAD8902,Phenome10K,Extinct,Holocene,Terrestrial,Herbivore,,,,,Closed 
Arctictis Binturong,Arctictis_binturong,Arctictis binturong,Laurasiatheria,Carnivora,Viverridae,MNHN-ZO-AC,1936-1529,Phenome10K,Extant,Recent,Arboreal,Omnivore,Closed,Solitary,Nocturnal,Altricial,Closed 
Arctodus Simum,Arctodus_simum,Arctodus simum,Laurasiatheria,Carnivora,Ursidae,AMNH,FM 8222,Morphosource,Extinct,Pleistocene,Terrestrial,Carnivore,,,,,Closed 
Arsinoitherium Zitelli,Arsinoitherium_zitteli,Arsinoitherium zitelli,Afrotheria,Embrithopoda,Arsinoitheriidae,NHMUK PV M,8463,Phenome10K,Extinct,Oligocene,Terrestrial,Herbivore,,,,,Closed 
Aselliscus Tricuspidatus,Aselliscus_tricuspidatus,Aselliscus tricuspidatus,Laurasiatheria,Chiroptera,Hipposideridae,AMNH,M-151546,Morphosource,Extant,Recent,Volant,Invertivore,Closed,Social,Nocturnal,Altricial,Open 
Astrapotherium Magnum,Astrapotherium_magnum,Astrapotherium magnum,Laurasiatheria,Astrapotheria,Astrapotheriidae,FMNH,P14251,Morphosource,Extinct,Miocene,Terrestrial,Herbivore,,,,,Open 
Ateles Belzebuth,Ateles_belzebuth,Ateles belzebuth,Euarchontaglires,Primates,Atelidae,NHMUK ZD,1854.12.11.1,Phenome10K,Extant,Recent,Arboreal,Herbivore,Closed,Social,Diurnal,Altricial,Closed 
Atherudus Africanus,Atherurus_africanus,Atherurus africanus,Euarchontaglires,Rodentia,Hystricidae,NHMUK ZD,1948.1291,Phenome10K,Extant,Recent,Terrestrial,Herbivore,Closed,Social,Nocturnal,Precocial,Open 
Balaenoptera Musculus,Balaenoptera_musculus,Balaenoptera musculus,Laurasiatheria,Cetacea,Balaenopteridae,NHMUK ZD,1892.3.1.1,Phenome10K,Extant,Recent,Aquatic,Bulk invertivore,Aquatic,Solitary,All,Precocial,Closed 
Barbourofelis Morrisi,Barbourofelis_morrisi,Barbourofelis morrisi,Laurasiatheria,Carnivora,Barbourofelidae,AMNH,F:AM 79999,Morphosource,Extinct,Miocene,Terrestrial,Carnivore,,,,,Closed 
Bauerus Dubiaquercus,Bauerus_dubiaquercus,Bauerus dubiaquercus,Laurasiatheria,Chiroptera,Vespertilionidae,AMNH,M-278725,Morphosource,Extant,Recent,Volant,Invertivore,Closed,unknown,Nocturnal,Altricial,Open 
Bos Domestic,Bos_taurus,Bos taurus,Laurasiatheria,Artiodactyla,Bovidae,NHMUK ZD,1981.984,Phenome10K,Extant,Recent,Terrestrial,Herbivore,Open,Social,Diurnal,Precocial,Closed 
Brachyphylla Cavernarum,Brachyphylla_cavernarum,Brachyphylla cavernarum,Laurasiatheria,Chiroptera,Phyllostomidae,NHMUK ZD,1918.4.1.11,Phenome10K,Extant,Recent,Volant,Omnivore,Open,Social,Nocturnal,Altricial,Closed 
Bradypus Tridactylus,Bradypus_tridactylus,Bradypus tridactylus,Xenarthra,Pilosa,Bradypodidae,LDUCZ,z.132,Phenome10K,Extant,Recent,Arboreal,Herbivore,Closed,Solitary,Diurnal,Precocial,Closed 
Brontops Brachycephalus,Brontops_brachycephalus,Brontops brachycephalus,Laurasiatheria,Perissodactyla,Brontotheriidae,ROM,1703,,Extinct,Eocene,Terrestrial,Herbivore,,,,,Closed 
Cacajao Calvus,Cacajao_calvus,Cacajao calvus,Euarchontaglires,Primates,Pitheciidae,NHMUK ZD,1928.4.27.6,Phenome10K,Extant,Recent,Arboreal,Herbivore,Closed,Social,Diurnal,Altricial,Closed 
Caenopus Copei,Caenopus_copei,Caenopus copei,Laurasiatheria,Perissodactyla,Rhinocerotidae,YPM,10253,Phenome10K,Extinct,Eocene,Terrestrial,Herbivore,,,,,Closed 
Cainotherium Laticurvatum,Cainotherium_laticurvatum,Cainotherium laticurvatum,Laurasiatheria,Artiodactyla,Cainotheriidae,MNHN.F,SG13456,Phenome10K,Extinct,Miocene,Terrestrial,Herbivore,,,,,Closed 
Callicebus Moloch,Callicebus_moloch,Plecturocebus moloch,Euarchontaglires,Primates,Pitheciidae,NHMUK ZD,1908.5.9.9,Phenome10K,Extant,Recent,Arboreal,Herbivore,Closed,Social,Diurnal,Altricial,Closed 
Callorhinus Ursinus,Callorhinus_ursinus,Callorhinus ursinus,Laurasiatheria,Carnivora,Otariidae,MVZ,175109,Digimorph,Extant,Recent,Aquatic,Piscivore,Aquatic,Solitary,Diurnal,Altricial,Open 
Callosciurus Caniceps,Callosciurus_caniceps,Callosciurus caniceps,Euarchontaglires,Rodentia,Sciuridae,NHMUK ZD,1920.12.4.18,Phenome10K,Extant,Recent,Arboreal,Herbivore,Closed,Social,Diurnal,Altricial,Closed 
Camelus Dromedarius,Camelus_dromedarius,Camelus dromedarius,Laurasiatheria,Artiodactyla,Camelidae,NMV,R5444,Digimorph,Extant,Recent,Terrestrial,Herbivore,Open,Social,Diurnal,Precocial,Open 
Canis Lupus,Canis_lupus,Canis lupus,Laurasiatheria,Carnivora,Canidae,MNHN-ZO-AC,2015-1255,Phenome10K,Extant,Recent,Terrestrial,Carnivore,Closed,Social,Diurnal,Altricial,Closed 
Caperea Marginata,Caperea_marginata,Caperea marginata,Laurasiatheria,Cetacea,Cetotheriidae,NHMUK ZD,1876.2.16.1,Phenome10K,Extant,Recent,Aquatic,Bulk invertivore,Aquatic,Social,All,Precocial,Open 
Capra Ibex,Capra_ibex,Capra ibex,Laurasiatheria,Artiodactyla,Bovidae,NHMUK ZD,1935.12.12.3,Phenome10K,Extant,Recent,Terrestrial,Herbivore,Closed,Social,Diurnal,Precocial,Closed 
Capricornis Sumatraensis,Capricornis_sumatraensis,Naemorhedus sumatraensis,Laurasiatheria,Artiodactyla,Bovidae,NHMUK ZD,1924.5.29.1,Phenome10K,Extant,Recent,Terrestrial,Herbivore,Closed,Solitary,Diurnal,Precocial,Closed 
Cardioderma Cor,Cardioderma_cor,Cardioderma cor,Laurasiatheria,Chiroptera,Megadermatidae,AMNH,M-219723,Morphosource,Extant,Recent,Volant,Invertivore,Closed,Social,Nocturnal,Altricial,Open 
Carterodon Sulcidens,Carterodon_sulcidens,Carterodon sulcidens,Euarchontaglires,Rodentia,Echimyidae,NHMUK PV M,17617,Phenome10K,Extant,Recent,Semi-fossorial,Herbivore,Open,Solitary,Nocturnal,Altricial,Open 
Castor Canadensis,Castor_canadensis,Castor canadensis,Euarchontaglires,Rodentia,Castoridae,UMN,12157,Phenome10K,Extant,Recent,Aquatic,Herbivore,Closed,Social,Nocturnal,Precocial,Open 
Castoroides Ohioensis,Castoroides_ohioensis,Paracastoroides kansensis,Euarchontaglires,Rodentia,Castoridae,MNHN.F,1953-17,Phenome10K,Extinct,Pleistocene,Semi-aquatic,Herbivore,,,,,Closed 
Cavia Aperea,Cavia_aperea,Cavia aperea,Euarchontaglires,Rodentia,Caviidae,NHMUK ZD,1901.11.3.78,Phenome10K,Extant,Recent,Terrestrial,Herbivore,Open,Social,Diurnal,Precocial,Open 
Cebupithecus Sarmientoi,Cebupithecia_sarmientai,Cebupithecus sarmientoi,Euarchontaglires,Primates,Cebidae,AMNH,FM 45974,Morphosource,Extinct,Miocene,Arboreal,Omnivore,,,,,Closed 
Cebus Apella,Sapajus_apella,Sapajus apella,Euarchontaglires,Primates,Cebidae,NHMUK ZD,1925.2.1.1,Phenome10K,Extant,Recent,Arboreal,Omnivore,Closed,Social,Diurnal,Altricial,Closed 
Centurio Senex,Centurio_senex,Centurio senex,Laurasiatheria,Chiroptera,Phyllostomidae,AMNH,M-249109,Morphosource,Extant,Recent,Volant,Herbivore,Closed,Social,Nocturnal,Altricial,Open 
Cephalophus Nigrifrons,Cephalophus_nigrifrons,Cephalophus nigrifrons,Laurasiatheria,Artiodactyla,Bovidae,NHMUK ZD,1934.4.1.205,Phenome10K,Extant,Recent,Terrestrial,Herbivore,Closed,Solitary,All,Precocial,Closed 
Cephalorhynchus Commersoni,Cephalorhynchus_commersonii,Cephalorhynchus commersonii,Laurasiatheria,Cetacea,Delphinidae,USNM,550156,Phenome10K,Extant,Recent,Aquatic,Piscivore,Aquatic,Social,All,Precocial,Closed 
Ceratogaulus Hatcheri,Ceratogaulus_hatcheri,Ceratogaulus hatcheri,Euarchontaglires,Rodentia,Mylagaulidae,FMNH,P14914,Morphosource,Extinct,Miocene,Terrestrial,Herbivore,,,,,Closed 
Cervus Elaphus,Cervus_elaphus,Cervus elaphus,Laurasiatheria,Artiodactyla,Cervidae,NHMUK ZD,2005.16,Phenome10K,Extant,Recent,Terrestrial,Herbivore,Closed,Social,Diurnal,Precocial,Open 
Cheirogaleus Medius,Cheirogaleus_medius,Cheirogaleus medius,Euarchontaglires,Primates,Cheirogaleidae,MNHN-ZO-AC,1986-430,,Extant,Recent,Arboreal,Herbivore,Closed,Solitary,Nocturnal,Altricial,Closed 
Chironax Melanocephalus,Chironax_melanocephalus,Chironax melanocephalus,Laurasiatheria,Chiroptera,Pteropodidae,AMNH,M-266200,Morphosource,Extant,Recent,Volant,Herbivore,Closed,Social,Nocturnal,Altricial,Open 
Choloepus Hoffmanni,Choloepus_hoffmanni,Choloepus hoffmanni,Xenarthra,Pilosa,Megalonychidae,AMNH,M-30765,Digimorph,Extant,Recent,Arboreal,Herbivore,Closed,Solitary,Nocturnal,Precocial,Closed 
Chrotopterus Auritus,Chrotopterus_auritus,Chrotopterus auritus,Laurasiatheria,Chiroptera,Phyllostomidae,AMNH,M-278292,Morphosource,Extant,Recent,Volant,Carnivore,Closed,Social,Nocturnal,Altricial,Open 
Chrysophylax Trevelyan,Chrysospalax_trevelyani,Chrysospalax trevelyani,Afrotheria,Afrosoricida,Chrysochloridae,LDUCZ,z.660,Phenome10K,Extant,Recent,Fossorial,Invertivore,Closed,Solitary,Nocturnal,Altricial,Closed 
Cistugo Lesueuri,Cistugo_lesueuri,Cistugo lesueuri,Laurasiatheria,Chiroptera,Cistugidae,AMNH,M-244302,Morphosource,Extant,Recent,Volant,Invertivore,Open,Social,Nocturnal,Altricial,Open 
Coelodonta Antiquitatus,Coelodonta_antiquitatus,Coelodonta antiquitatus,Laurasiatheria,Perissodactyla,Rhinocerotidae,FMNH,P14783,Morphosource,Extinct,Pliocene,Terrestrial,Herbivore,,,,,Closed 
Colobus Guereza,Colobus_guereza,Colobus guereza,Euarchontaglires,Primates,Cercopithecidae,NHMUK ZD,1928.11.11.2,Phenome10K,Extant,Recent,Arboreal,Herbivore,Closed,Social,Diurnal,Altricial,Closed 
Coronodon Havensteini,Coronodon_havensteini,Coronodon havensteini,Laurasiatheria,Cetacea,Aetiocetidae,CCNHM,108,Phenome10K,Extinct,Oligocene,Aquatic,Carnivore,Aquatic,,,,Open 
Coryphodon Anthracoides,Coryphodon_hamatus,Coryphodon anthracoides,Laurasiatheria,Amblypoda,Coryphodontidae,YPM,VPPU.011330,Phenome10K,Extinct,Eocene,Terrestrial,Herbivore,,,,,Closed 
Cotylocara Macei,Cotylocara_macei,Cotylocara macei,Laurasiatheria,Cetacea,Xenorophidae,CCNHM,101,Phenome10K,Extinct,Oligocene,Aquatic,Carnivore,,,,,Open 
Craseonycteris Thonglongyai,Craseonycteris_thonglongyai,Craseonycteris thonglongyai,Laurasiatheria,Chiroptera,Craseonycteridae,USNM,M-528306,Morphosource,Extant,Recent,Volant,Invertivore,Closed,Social,Nocturnal,Altricial,Open 
Cricetomys Gambianus,Cricetomys_gambianus,Cricetomys gambianus,Euarchontaglires,Rodentia,Nesomyidae,NHMUK ZD,1934.4.1.158,Phenome10K,Extant,Recent,Terrestrial,Herbivore,Mixed terrestrial,Social,Nocturnal,Altricial,Closed 
Cricetus Cricetus,Cricetus_cricetus,Cricetus cricetus,Euarchontaglires,Rodentia,Cricetidae,NHMUK ZD,1919.7.7.2605,Phenome10K,Extant,Recent,Fossorial,Herbivore,Open,Solitary,Crepuscular,Altricial,Closed 
Cryptomys Mechowi,Fukomys_mechowi,Cryptomys mechowi,Euarchontaglires,Rodentia,Bathyergidae,NHMUK ZD,1935.1.6.176,Phenome10K,Extant,Recent,Fossorial,Herbivore,Open,Social,All,Altricial,Closed 
Ctenomys Knighti,Ctenomys_knighti,Ctenomys knighti,Euarchontaglires,Rodentia,Ctenomyidae,NHMUK ZD,1925.3.1.65,Phenome10K,Extant,Recent,Fossorial,Herbivore,Open,Solitary,All,Altricial,Closed 
Cuniculus Paca,Cuniculus_paca,Cuniculus paca,Euarchontaglires,Rodentia,Cuniculidae,NHMUK ZD,1904.12.4.13,Phenome10K,Extant,Recent,Terrestrial,Herbivore,Closed,Social,Nocturnal,Precocial,Closed 
Cyclopes Didactylus,Cyclopes_didactylus,Cyclopes didactylus,Xenarthra,Pilosa,Cyclopedidae,NHMUK ZD,1903.12.6.10,Phenome10K,Extant,Recent,Arboreal,Social insectivore,Closed,Solitary,Nocturnal,Precocial,Closed 
Cynocephalus Volans,Cynocephalus_volans,Cynocephalus volans,Euarchontaglires,Dermoptera,Cynocephalidae,LDUCZ,z.890,Phenome10K,Extant,Recent,Arboreal,Herbivore,Closed,Solitary,Crepuscular,Altricial,Open 
Cynomys Ludovicianus,Cynomys_ludovicianus,Cynomys ludovicianus,Euarchontaglires,Rodentia,Sciuridae,UM,96071,Digimorph,Extant,Recent,Terrestrial,Herbivore,Open,Social,Diurnal,Altricial,Open 
Dacrytherium Sp,Dacrytherium_sp,Dacrytherium sp,Laurasiatheria,Artiodactyla,Anoplotheriidae,MNHN.F,QU17146,Phenome10K,Extinct,Eocene,Terrestrial,Herbivore,,,,,Closed 
Daphaenus Vetus,Daphoenus_vetus,Daphaenus vetus,Laurasiatheria,Carnivora,Amphicyonidae,YPM,VPPU.012648,Phenome10K,Extinct,Eocene,Terrestrial,Carnivore,,,,,Closed 
Dasyprocta Mexicana,Dasyprocta_mexicana,Dasyprocta mexicana,Euarchontaglires,Rodentia,Dasyproctidae,UMN,14040,Phenome10K,Extant,Recent,Terrestrial,Herbivore,Closed,Solitary,Diurnal,Precocial,Open 
Dasypus Novemictus,Dasypus_novemcinctus,Dasypus novemcinctus,Xenarthra,Cingulata,Dasypodidae,LDUCZ,z.134,Phenome10K,Extant,Recent,Semi-fossorial,Invertivore,Mixed terrestrial,Solitary,Nocturnal,Precocial,Closed 
Daubentonia Madagascariensis,Daubentonia_madagascariensis,Daubentonia madagascariensis,Euarchontaglires,Primates,Daubentoniidae,NHMUK ZD,1888.2.18.2/GERM 1359d,Phenome10K,Extant,Recent,Arboreal,Omnivore,Closed,Solitary,Nocturnal,Altricial,Closed 
Delphinapterus Leucas,Delphinapterus_leucas,Delphinapterus leucas,Laurasiatheria,Cetacea,Monodontidae,USNM,305071,Phenome10K,Extant,Recent,Aquatic,Piscivore,Aquatic,Social,All,Precocial,Open 
Delphinus Delphis,Delphinus_delphis,Delphinus delphis,Laurasiatheria,Cetacea,Delphinidae,AMNH,35401,Morphosource,Extant,Recent,Aquatic,Piscivore,Aquatic,Social,All,Precocial,Closed 
Deomys Ferrugineus,Deomys_ferrugineus,Deomys ferrugineus,Euarchontaglires,Rodentia,Muridae,MNHN,1622,Phenome10K,Extant,Recent,Terrestrial,Social insectivore,Closed,Solitary,Crepuscular,,Closed 
Desmocyon Matthewii,Desmocyon_matthewsi,Desmocyon matthewii,Laurasiatheria,Carnivora,Canidae,AMNH,F:AM 49177,Morphosource,Extinct,Miocene,Terrestrial,Carnivore,,,,,Closed 
Diaemus Youngi,Diaemus_youngi,Diaemus youngi,Laurasiatheria,Chiroptera,Phyllostomidae,AMNH,M-246230,Morphosource,Extant,Recent,Volant,Carnivore,Closed,Social,Nocturnal,Altricial,Open 
Diceros Bicornis,Diceros_bicornis,Diceros bicornis,Laurasiatheria,Perissodactyla,Rhinocerotidae,NHMUK ZD,1933.5.5.1,Phenome10K,Extant,Recent,Terrestrial,Herbivore,Mixed terrestrial,Solitary,Diurnal,Precocial,Closed 
Dinictis Squalidens,Dinictis_squalidens,Dinictis squalidens,Laurasiatheria,Carnivora,Nimravidae,YPM,VPPU.013587,Phenome10K,Extinct,Oligocene,Terrestrial,Carnivore,,,,,Closed 
Diplacodon Progressum,Diplacodon_progressum,Diplacodon progressum,Laurasiatheria,Perissodactyla,Brontotheriidae,FMNH,P14633,Morphosource,Extinct,Eocene,Terrestrial,Herbivore,,,,,Closed 
Dipodomys Ordii,Dipodomys_ordii,Dipodomys ordii,Euarchontaglires,Rodentia,Heteromyidae,UMN,8327,Phenome10K,Extant,Recent,Semi-fossorial,Herbivore,Open,Solitary,Nocturnal,Altricial,Open 
Dobsonia Moluccensis,Dobsonia_moluccensis,Dobsonia moluccensis,Laurasiatheria,Chiroptera,Pteropodidae,AMNH,M-159572,Morphosource,Extant,Recent,Volant,Herbivore,Closed,Social,Nocturnal,Altricial,Open 
Dolichotis Patagonum,Dolichotis_patagonum,Dolichotis patagonum,Euarchontaglires,Rodentia,Caviidae,NHMUK ZD,2003.339,Phenome10K,Extant,Recent,Terrestrial,Herbivore,Desert,Social,Diurnal,Precocial,Open 
Dorudon Atrox,Dorudon_atrox,Dorudon atrox,Laurasiatheria,Cetacea,Basilosauridae,UMMP PVM,118139,Phenome10K,Extinct,Eocene,Aquatic,Carnivore,,,,,Closed 
Duchesneodus Uintensis,Duchesneodus_uintensis,Duchesneodus uintensis,Laurasiatheria,Perissodactyla,Brontotheriidae,FMNH,PM136,Morphosource,Extinct,Eocene,Terrestrial,Herbivore,,,,,Closed 
Dugong Sp,Dugong_dugon,Dugong dugon,Afrotheria,Sirenia,Dugongidae,LDUCZ,NON434,Phenome10K,Extant,Recent,Aquatic,Herbivore,Aquatic,Social,Diurnal,Precocial,Closed 
Dusisiren Jordani,Dusisiren_jordani,Dusisiren jordani,Afrotheria,Sirenia,Dugongidae,UCMP,3794,Morphosource and Phenome10K,Extinct,Miocene,Aquatic,Herbivore,,,,,Closed 
Echinoprocta Rufescens,Coendou_rufescens,Coendou rufescens,Euarchontaglires,Rodentia,Erethizontidae,NHMUK ZD,1927.5.3.8,Phenome10K,Extant,Recent,Arboreal,Herbivore,Closed,Solitary,Nocturnal,Precocial,Open 
Echinosorex Gymnura,Echinosorex_gymnura,Echinosorex gymnura,Laurasiatheria,Eulipotyphla,Erinaceidae,NHMUK ZD,1961.1157,Phenome10K,Extant,Recent,Terrestrial,Omnivore,Closed,Solitary,Nocturnal,Altricial,Closed 
Elasmotherium Sp,Elasmotherium_sp,Elasmotherium sp,Laurasiatheria,Perissodactyla,Rhinocerotidae,NHMUK PV M,12429,Phenome10K,Extinct,Pliocene,Terrestrial,Herbivore,,,,,Open 
Elephas Maximus,Elephas_maximus,Elephas maximus,Afrotheria,Proboscidea,Elephantidae,TMM,M-6445,Digimorph,Extant,Recent,Terrestrial,Herbivore,Mixed terrestrial,Social,All,Precocial,Open 
Eleutherocercus Tucumanus,Eleutherocercus_tucumanus,Eleutherocercus tucumanus,Xenarthra,Cingulata,Glyptodontidae,FMNH,P14437,Morphosource,Extinct,Miocene,Terrestrial,Omnivore,,,,,Closed 
Elotherium Sp,Elotherium_sp,Entelodon sp,Laurasiatheria,Artiodactyla,Entelodontidae,AMNH,FM 571,Morphosource,Extinct,Oligocene,Terrestrial,Herbivore,,,,,Closed 
Entoptychus Sp,Entoptychus_sp,Entoptychus wheelerensis,Euarchontaglires,Rodentia,Geomyidae,UCMP,151251,Morphosource and Phenome10K,Extinct,Oligocene,Fossorial,Herbivore,,,,,Closed 
Epimanteoceras Formosus,Epimanteoceras_formusus,Epimanteoceras formosus,Laurasiatheria,Perissodactyla,Brontotheriidae,AMNH,FM 21613,Morphosource,Extinct,Eocene,Terrestrial,Herbivore,,,,,Closed 
Eporeodon Meagherensis,Eporeodon_meagherensis,Eporeodon meagherensis,Laurasiatheria,Artiodactyla,Merycoidodontidae,YPM,VP.013948,Phenome10K,Extinct,Oligocene,Terrestrial,Herbivore,,,,,Closed 
Equus Caballus,Equus_caballus,Equus caballus,Laurasiatheria,Perissodactyla,Equidae,LDUCZ,z.3062,Phenome10K,Extant,Recent,Terrestrial,Herbivore,Open,Social,Crepuscular,Precocial,Closed 
Erethizon Dorsatum,Erethizon_dorsatum,Erethizon dorsatum,Euarchontaglires,Rodentia,Erethizontidae,NHMUK ZD,1936.11.6.21,Phenome10K,Extant,Recent,Arboreal,Herbivore,Closed,Social,Nocturnal,Precocial,Open 
Erinaceus Europaens,Erinaceus_europaeus,Erinaceus europaeus,Laurasiatheria,Eulipotyphla,Erinaceidae,LDUCZ,z.3067,Phenome10K,Extant,Recent,Semi-fossorial,Invertivore,Open,Solitary,Nocturnal,Precocial,Closed 
Eschrichtius Robustus,Eschrichtius_robustus,Eschrichtius robustus,Laurasiatheria,Cetacea,Eschrichtiidae,USNM,13803,Phenome10K,Extant,Recent,Aquatic,Bulk invertivore,Aquatic,Social,All,Precocial,Open 
Eubalaena Australis,Eubalaena_australis,Eubalaena australis,Laurasiatheria,Cetacea,Balaenidae,NHMUK ZD,1873.3.3.1,Phenome10K,Extant,Recent,Aquatic,Bulk invertivore,Aquatic,Social,All,Precocial,Open 
Euhapsis Ellicottae,Euhapsis_ellicottae,Euhapsis ellicottae,Euarchontaglires,Rodentia,Castoridae,KU,48015,,Extinct,Oligocene,Fossorial,Herbivore,,,,,Closed 
Eulemur Macaco,Eulemur_macaco,Eulemur macaco,Euarchontaglires,Primates,Lemuridae,USNM,255517,Phenome10K,Extant,Recent,Arboreal,Herbivore,Closed,Social,All,Altricial,Open 
Eusmilus Dakotensis,Eusmilus_dakotensis,Eusmilus dakotensis,Laurasiatheria,Carnivora,Nimravidae,USNM,18214,Phenome10K,Extinct,Oligocene,Terrestrial,Carnivore,,,,,Closed 
Fossa Fossana,Fossa_fossana,Fossa fossana,Laurasiatheria,Carnivora,Eupleridae,NHMUK ZD,1872.8.19.5/GERM 1582b,Phenome10K,Extant,Recent,Terrestrial,Carnivore,Closed,Solitary,Nocturnal,Altricial,Closed 
Furipterus Horrens,Furipterus_horrens,Furipterus horrens,Laurasiatheria,Chiroptera,Furipteridae,AMNH,M-78541,Morphosource,Extant,Recent,Volant,Invertivore,Closed,Social,Nocturnal,Altricial,Open 
Galidia Elegans,Galidia_elegans,Galidia elegans,Laurasiatheria,Carnivora,Eupleridae,NHMUK ZD,2005.2,Phenome10K,Extant,Recent,Terrestrial,Carnivore,Closed,Solitary,Diurnal,Altricial,Closed 
Giraffa Camelopardalis,Giraffa_camelopardalis,Giraffa camelopardalis,Laurasiatheria,Artiodactyla,Giraffidae,TMM,M6815,Digimorph,Extant,Recent,Terrestrial,Herbivore,Open,Social,Diurnal,Precocial,Open 
Glaucomys Sabrinus,Glaucomys_sabrinus,Glaucomys sabrinus,Euarchontaglires,Rodentia,Sciuridae,UMN,5952,Phenome10K,Extant,Recent,Arboreal,Herbivore,Closed,Social,Nocturnal,Altricial,Open 
Glossotherium Robustum,Glossotherium_robustum,Glossotherium robustum,Xenarthra,Pilosa,Mylodontidae,AMNH,FM 11270,Morphosource,Extinct,Pleistocene,Terrestrial,Herbivore,,,,,Closed 
Glyptodon Typus,Glyptodon_typus,Glyptodon typus,Xenarthra,Cingulata,Glyptodontidae,MNHN.F,R85A,Phenome10K,Extinct,Pliocene,Terrestrial,Omnivore,,,,,Closed 
Gorilla Gorilla,Gorilla_gorilla,Gorilla gorilla,Euarchontaglires,Primates,Hominidae,USNM,176216,Smithsonian 3D,Extant,Recent,Semi-arboreal,Herbivore,Closed,Social,Diurnal,Altricial,Open 
Graphiurus Hueti,Graphiurus_murinus,Graphiurus hueti,Euarchontaglires,Rodentia,Gliridae,NHMUK ZD,1967.1464,Phenome10K,Extant,Recent,Arboreal,Omnivore,Mixed terrestrial,Social,Nocturnal,Altricial,Closed 
Hapalops Elongatus,Hapalops_elongatus,Hapalops elongatus,Xenarthra,Pilosa,Megatheriidae,YPM,VPPU.015597,Phenome10K,Extinct,Miocene,Terrestrial,Herbivore,,,,,Closed 
Harpagolestes Macrocephalus,Harpagolestes_macrocephalus,Harpagolestes macrocephalus,Laurasiatheria,Acreodi,Mesonychidae,YPM,VP.011901,Phenome10K,Extinct,Eocene,Terrestrial,Carnivore,,,,,Closed 
Helarctos Malayanus,Helarctos_malayanus,Helarctos malayanus,Laurasiatheria,Carnivora,Ursidae,MNHN-ZO-AC,1914-360,Phenome10K,Extant,Recent,Terrestrial,Omnivore,Closed,Solitary,Nocturnal,Altricial,Open 
Hemigalus Derbyanus,Hemigalus_derbyanus,Hemigalus derbyanus,Laurasiatheria,Carnivora,Viverridae,NHMUK ZD,1895.7.30.6,Phenome10K,Extant,Recent,Arboreal,Carnivore,Closed,Solitary,Nocturnal,Altricial,Closed 
Herpestes Javanicus,Herpestes_javanicus,Herpestes edwardsii,Laurasiatheria,Carnivora,Herpestidae,MNHN-ZO-AC,A3444,Phenome10K,Extant,Recent,Terrestrial,Carnivore,Open,Solitary,Diurnal,Altricial,Open 
Hesperogaulus Wilsoni,Hesperogaulus_wilsoni,Hesperogaulus wilsoni,Euarchontaglires,Rodentia,Mylagaulidae,LACM,142506,Phenome10K,Extinct,Miocene,Terrestrial,Herbivore,,,,,Closed 
Hexaprotodon Liberiensis,Choeropsis_liberiensis,Hexaprotodon liberiensis,Laurasiatheria,Artiodactyla,Hippopotamidae,NHMUK ZE,1967.3.20.1,Phenome10K,Extant,Recent,Semi-aquatic,Herbivore,Closed,Solitary,Nocturnal,Precocial,Closed 
Hipposideros Armiger,Hipposideros_armiger,Hipposideros armiger,Laurasiatheria,Chiroptera,Hipposideridae,AMNH,M-272274,Morphosource,Extant,Recent,Volant,Invertivore,Closed,Social,Nocturnal,Altricial,Open 
Hippotragus Equinus,Hippotragus_equinus,Hippotragus equinus,Laurasiatheria,Artiodactyla,Bovidae,NHMUK ZE,1962.12.4.2,Phenome10K,Extant,Recent,Terrestrial,Herbivore,Open,Social,Diurnal,Precocial,Closed 
Holmesina Occidentalis,Holmesina_occidentalis,Holmesina occidentalis,Xenarthra,Cingulata,Pampatheriidae,ROM,3881,,Extinct,Pleistocene,Terrestrial,Omnivore,,,,,Closed 
Homocamelus Caninus,Homocamelus_caninus,Homocamelus caninus,Laurasiatheria,Artiodactyla,Camelidae,AMNH,F:AM25060,Morphosource,Extinct,Miocene,Terrestrial,Herbivore,,,,,Closed 
Homotherium Sp,Homotherium_sp,Homotherium sp,Laurasiatheria,Carnivora,Felidae,AMNH,FM 95297,Morphosource,Extinct,Miocene,Terrestrial,Carnivore,,,,,Closed 
Hoplophoenus Primaevus,Hoplophoneus_primaevus,Hoplophoenus primaevus,Laurasiatheria,Carnivora,Nimravidae,YPM,VPPU.010515,Phenome10K,Extinct,Eocene,Terrestrial,Carnivore,,,,,Closed 
Hyaena Hyaena,Hyaena_hyaena,Hyaena hyaena,Laurasiatheria,Carnivora,Hyaenidae,MNHN-ZO-AC,1930-220,Phenome10K,Extant,Recent,Terrestrial,Carnivore,Open,Solitary,Diurnal,Altricial,Closed 
Hyaenodon Paucidens,Hyaenodon_paucidens,Hyaenodon paucidens,Laurasiatheria,Creodonta,Hyaenodontidae,AMNH,FM 647,Morphosource,Extinct,Eocene,Terrestrial,Carnivore,,,,,Closed 
Hydropotes Inermis,Hydropotes_inermis,Hydropotes inermis,Laurasiatheria,Artiodactyla,Cervidae,NHMUK GERM,1551c,Phenome10K,Extant,Recent,Terrestrial,Herbivore,Open,Solitary,Crepuscular,Precocial,Closed 
Hylobates Lar,Hylobates_lar,Hylobates lar,Euarchontaglires,Primates,Hylobatidae,NHMUK ZD,1955.1498,Phenome10K,Extant,Recent,Arboreal,Herbivore,Closed,Social,Diurnal,Altricial,Closed 
Hyracodon Nebraskensis,Hyracodon_nebraskensis,Hyracodon nebraskensis,Laurasiatheria,Perissodactyla,Hyracodontidae,FMNH,P12011,Morphosource,Extinct,Eocene,Terrestrial,Herbivore,,,,,Closed 
Hystrix Cristata,Hystrix_cristata,Hystrix cristata,Euarchontaglires,Rodentia,Hystricidae,NHMUK ZD,1914.3.8.50,Phenome10K,Extant,Recent,Terrestrial,Herbivore,Mixed terrestrial,Social,Nocturnal,Precocial,Closed 
Ictitherium Viverrinum,Ictitherium_viverrinum,Ictitherium viverrinum,Laurasiatheria,Carnivora,Hyaenidae,AMNH,F:AM 147032,Morphosource,Extinct,Miocene,Terrestrial,Carnivore,,,,,Closed 
Ictops Dakotensis,Ictops_dakotensis,Ictops dakotensis,Stem,Leptictida,Leptictidae,FMNH,UC620,Morphosource,Extinct,Eocene,Terrestrial,Invertivore,,,,,Closed 
Indri Indri,Indri_indri,Indri indri,Euarchontaglires,Primates,Indriidae,NHMUK ZD,1935.1.8.2,Phenome10K,Extant,Recent,Arboreal,Herbivore,Closed,Social,Diurnal,Altricial,Closed 
Inia Geoffrensis,Inia_geoffrensis,Inia geoffrensis,Laurasiatheria,Cetacea,Iniidae,AMNH,93415,Morphosource,Extant,Recent,Aquatic,Piscivore,Aquatic,Solitary,All,Precocial,Closed 
Kannabateomys Amblyonyx,Kannabateomys_amblyonyx,Kannabateomys amblyonyx,Euarchontaglires,Rodentia,Echimyidae,NHMUK ZD,1929.6.6.64,Phenome10K,Extant,Recent,Arboreal,Herbivore,Closed,Solitary,Nocturnal,Precocial,Closed 
Kerivoula Minuta,Kerivoula_minuta,Kerivoula minuta,Laurasiatheria,Chiroptera,Vespertilionidae,AMNH,M-267626,Morphosource,Extant,Recent,Volant,Invertivore,Closed,unknown,Nocturnal,Altricial,Open 
Kerodon Rupestris,Kerodon_rupestris,Kerodon rupestris,Euarchontaglires,Rodentia,Caviidae,NHMUK ZD,1903.9.5.108,Phenome10K,Extant,Recent,Saxicolous,Herbivore,Open,Social,Crepuscular,Precocial,Open 
Kobus Ellipsiprymnus,Kobus_ellipsiprymnus,Kobus ellipsiprymnus,Laurasiatheria,Artiodactyla,Bovidae,NHMUK ZD,1966.817,Phenome10K,Extant,Recent,Terrestrial,Herbivore,Open,Social,Diurnal,Precocial,Closed 
Kogia Breviceps,Kogia_breviceps,Kogia breviceps,Laurasiatheria,Cetacea,Kogiidae,USNM,22015,Phenome10K,Extant,Recent,Aquatic,Bulk invertivore,Aquatic,Social,All,Precocial,Open 
Lagenorhynchus Albirostris,Lagenorhynchus_albirostris,Lagenorhynchus albirostris,Laurasiatheria,Cetacea,Delphinidae,AMNH,37162,Morphosource,Extant,Recent,Aquatic,Piscivore,Aquatic,Social,All,Precocial,Closed 
Lasionycteris Noctivagans,Lasionycteris_noctivagans,Lasionycteris noctivagans,Laurasiatheria,Chiroptera,Vespertilionidae,AMNH,M-213141,Morphosource,Extant,Recent,Volant,Invertivore,Closed,Solitary,Nocturnal,Altricial,Open 
Leontopithecus Rosalia,Leontopithecus_rosalia,Leontopithecus rosalia,Euarchontaglires,Primates,Cebidae,NHMUK ZD,1939.612,Phenome10K,Extant,Recent,Arboreal,Omnivore,Closed,Social,Diurnal,Altricial,Closed 
Lepilemur Microdon,Lepilemur_microdon,Lepilemur microdon,Euarchontaglires,Primates,Lepilemuridae,NHMUK ZD,1897.9.1.16,Phenome10K,Extant,Recent,Arboreal,Herbivore,Closed,Social,Nocturnal,Altricial,Closed 
Leptictis Sp,Leptictis_sp,Leptictis sp,Stem,Leptictida,Leptictidae,AMNH,FM 38920,Morphosource,Extinct,Eocene,Terrestrial,Invertivore,,,,,Closed 
Lepus Californicus,Lepus_californicus,Lepus californicus,Euarchontaglires,Lagomorpha,Leporidae,TMM,M-7500,Digimorph,Extant,Recent,Terrestrial,Herbivore,Open,Solitary,Nocturnal,Precocial,Open 
Lontra Felina,Lontra_felina,Lontra felina,Laurasiatheria,Carnivora,Mustelidae,MNHN-ZO-AC,1932-3019,Phenome10K,Extant,Recent,Aquatic,Carnivore,Aquatic,Solitary,Diurnal,Altricial,Closed 
Loris Tardigradus,Loris_tardigradus,Loris tardigradus,Euarchontaglires,Primates,Loridae,MNHN-ZO-AC,1958-717,,Extant,Recent,Arboreal,Invertivore,Closed,Social,Nocturnal,Altricial,Closed 
Macrauchenia Sp,Macrauchenia_sp,Macrauchenia sp,Laurasiatheria,Litopterna,Macraucheniidae,NHMUK PV,cast,Phenome10K,Extinct,Miocene,Terrestrial,Herbivore,,,,,Closed 
Macroeuphractus Sp,Macroeuphractus_sp,Macroeuphractus sp,Xenarthra,Cingulata,Dasypodidae,NHMUK PV M,5444,Phenome10K,Extinct,Miocene,Terrestrial,Carnivore,Open,,,,Closed 
Macroscelides Proboscideus,Macroscelides_proboscideus,Macroscelides proboscideus,Afrotheria,Macroscelidea,Macroscelididae,AMNH,M-161535,Digimorph,Extant,Recent,Semi-fossorial,Invertivore,Desert,Solitary,Diurnal,Precocial,Open 
Manis Javanicum,Manis_javanica,Manis javanica,Laurasiatheria,Pholidota,Manidae,LDUCZ,z.42,Phenome10K,Extant,Recent,Arboreal,Social insectivore,Mixed terrestrial,Solitary,Nocturnal,Precocial,Closed 
Massoutiera Rothschildi,Massoutiera_mzabi,Massoutiera mzabi,Euarchontaglires,Rodentia,Ctenodactylidae,NHMUK ZD,1934.8.2.84,Phenome10K,Extant,Recent,Saxicolous,Herbivore,Desert,Social,Diurnal,Precocial,Open 
Megaladapis Edwardsi,Megaladapis_edwardsi,Megaladapis edwardsi,Euarchontaglires,Primates,Megaladapidae,MNHN.F,MAD8772a,Phenome10K,Extinct,Holocene,Arboreal,Herbivore,,,,,Closed 
Megaptera Novaeangliae,Megaptera_novaeangliae,Megaptera novaeangliae,Laurasiatheria,Cetacea,Balaenopteridae,NHMUK GERM,792a,Phenome10K,Extant,Recent,Aquatic,Bulk invertivore,Aquatic,Social,All,Precocial,Open 
Megatherium Americanum,Megatherium_americanum,Megatherium americanum,Xenarthra,Pilosa,Megatheriidae,NHMUK PV OR,19953,Phenome10K,Extinct,Pleistocene,Terrestrial,Herbivore,,,,,Closed 
Mephitis Mephitis,Mephitis_mephitis,Mephitis mephitis,Laurasiatheria,Carnivora,Mustelidae,USNM,260921,Phenome10K,Extant,Recent,Terrestrial,Omnivore,Open,Solitary,Nocturnal,Altricial,Closed 
Merycochoerus Proprius,Merycochoerus_proprius,Merycochoerus proprius,Laurasiatheria,Artiodactyla,Merycoidodontidae,YPM,VP.65848,Phenome10K,Extinct,Miocene,Terrestrial,Herbivore,,,,,Closed 
Mesocyon Coryphaeus,Mesocyon_coryphaeus,Mesocyon coryphaeus,Laurasiatheria,Carnivora,Canidae,AMNH,FM 6859,Morphosource,Extinct,Oligocene,Terrestrial,Carnivore,,,,,Closed 
Mesohippus Meteulophus,Mesohippus_meteulophus,Mesohippus meteulophus,Laurasiatheria,Perissodactyla,Equidae,AMNH,FM 1210,Morphosource,Extinct,Oligocene,Terrestrial,Herbivore,,,,,Closed 
Mesoplodon Europaeus,Mesoplodon_europaeus,Mesoplodon europaeus,Laurasiatheria,Cetacea,Ziphiidae,USNM,504256,Phenome10K,Extant,Recent,Aquatic,Bulk invertivore,Aquatic,Social,All,Precocial,Closed 
Metarhinus Fluviatilis,Metarhinus_fluviatilis,Metarhinus fluviatilis,Laurasiatheria,Perissodactyla,Brontotheriidae,FMNH,P12187,Morphosource,Extinct,Eocene,Terrestrial,Herbivore,,,,,Closed 
Micropteropus Pusillus,Micropteropus_pusillus,Epomophorus pusillus,Laurasiatheria,Chiroptera,Pteropodidae,AMNH,M-257028,Morphosource,Extant,Recent,Volant,Herbivore,Open,Social,Nocturnal,Altricial,Open 
Miniochoerus Gracilis,Miniochoerus_gracilis,Miniochoerus gracilis,Laurasiatheria,Artiodactyla,Merycoidodontidae,USNM,628720,Phenome10K,Extinct,Oligocene,Terrestrial,Herbivore,,,,,Closed 
Miniopterus Australis,Miniopterus_australis,Miniopterus australis,Laurasiatheria,Chiroptera,Miniopteridae,AMNH,M-160287,Morphosource,Extinct,Recent,Volant,Invertivore,Closed,Social,Nocturnal,Altricial,Open 
Miolabis Fricki,Miolabis_fricki,Miolabis fricki,Laurasiatheria,Artiodactyla,Camelidae,LACM,131796,Phenome10K,Extinct,Miocene,Terrestrial,Herbivore,,,,,Closed 
Moeritherium Andrewsi,Moeritherium_andrewsi,Moeritherium andrewsi,Afrotheria,Proboscidea,Moeritheriidae,AMNH,FM 9983,Morphosource,Extinct,Eocene,Terrestrial,Herbivore,,,,,Closed 
Molossus Rufus,Molossus_rufus,Molossus rufus,Laurasiatheria,Chiroptera,Molossidae,AMNH,M-274122,Morphosource,Extant,Recent,Volant,Invertivore,Closed,Social,Nocturnal,Altricial,Open 
Monachus Tropicalis,Monachus_monachus,Monachus monachus,Laurasiatheria,Carnivora,Phocidae,USNM,100358,Digimorph,Extant,Recent,Aquatic,Piscivore,Aquatic,Solitary,Crepuscular,Altricial,Open 
Mops Thersites,Mops_thersites,Mops thersites,Laurasiatheria,Chiroptera,Molossidae,AMNH,M-236347,Morphosource,Extant,Recent,Volant,Invertivore,Closed,Social,Nocturnal,Altricial,Open 
Moropus Elatus,Moropus_elatus,Moropus elatus,Laurasiatheria,Perissodactyla,Chalicotheriidae,AMNH,FM 14379,Morphosource,Extinct,Miocene,Terrestrial,Herbivore,,,,,Closed 
Moschus Moschiferus,Moschus_moschiferus,Moschus moschiferus,Laurasiatheria,Artiodactyla,Moschidae,NHMUK ZD,1926.4.2.1,Phenome10K,Extant,Recent,Terrestrial,Herbivore,Closed,Solitary,Nocturnal,Precocial,Open 
Muntiacus Muntjack,Muntiacus_muntjak,Muntiacus muntjak,Laurasiatheria,Artiodactyla,Cervidae,NHMUK ZD,1915.3.2.1,Phenome10K,Extant,Recent,Terrestrial,Omnivore,Mixed terrestrial,Solitary,All,Precocial,Open 
Myocastor Coypu,Myocastor_coypus,Myocastor coypus,Euarchontaglires,Rodentia,Myocastoridae,UMN,2805,Phenome10K,Extant,Recent,Semi-aquatic,Herbivore,Mixed terrestrial,Social,Nocturnal,Precocial,Open 
Myodes Gapperi,Myodes_gapperi,Clethrionomys gapperi,Euarchontaglires,Rodentia,Cricetidae,UMN,5740,Phenome10K,Extant,Recent,Terrestrial,Herbivore,Closed,Solitary,Nocturnal,Altricial,Open 
Myospalax Psilurus,Myospalax_psilurus,Myospalax psilurus,Euarchontaglires,Rodentia,Spalacidae,NHMUK ZD,1926.2.3.14,Phenome10K,Extant,Recent,Fossorial,Herbivore,Open,Solitary,Nocturnal,,Closed 
Myotis Vivesi,Myotis_vivesi,Myotis vivesi,Laurasiatheria,Chiroptera,Vespertilionidae,AMNH,M-180834,Morphosource,Extant,Recent,Volant,Piscivore,Open,Social,Nocturnal,Altricial,Open 
Mystacina Tuberculata,Mystacina_tuberculata,Mystacina tuberculata,Laurasiatheria,Chiroptera,Mystacinidae,AMNH,M-173919,Morphosource,Extant,Recent,Volant,Omnivore,Closed,Social,Nocturnal,Altricial,Open 
Myzopoda Aurita,Myzopoda_aurita,Myzopoda aurita,Laurasiatheria,Chiroptera,Myzopodidae,AMNH,M-257130,Morphosource,Extant,Recent,Volant,Invertivore,Closed,Social,Nocturnal,Altricial,Open 
Nandinia Binotata,Nandinia_binotata,Nandinia binotata,Laurasiatheria,Carnivora,Nandiniidae,MNHN-ZO-AC,1966-213,Phenome10K,Extant,Recent,Arboreal,Omnivore,Closed,Solitary,Nocturnal,Altricial,Closed 
Natalus Majorply,Natalus_major,Natalus major,Laurasiatheria,Chiroptera,Natalidae,AMNH,M-278371,Morphosource,Extant,Recent,Volant,Invertivore,Closed,Social,Nocturnal,Altricial,Open 
Neofelis Nebulosa,Neofelis_nebulosa,Neofelis nebulosa,Laurasiatheria,Carnivora,Felidae,NHMUK ZD,1939.336,Phenome10K,Extant,Recent,Arboreal,Carnivore,Closed,Solitary,Nocturnal,Altricial,Closed 
Neohipparion Affine,Neohipparion_affine,Neohipparion affine,Laurasiatheria,Perissodactyla,Equidae,UNSM,101500,Morphosource,Extinct,Miocene,Terrestrial,Herbivore,,,,,Closed 
Neoparadoxia Cecilialina,Neoparadoxia_cecilialina,Neoparadoxia cecilialina,Afrotheria,Desmostylia,Paleoparadoxiidae,LACM,150000,Phenome10K,Extinct,Miocene,Semi-aquatic,Herbivore,,,,,Closed 
Neoreomys Australis,Neoreomys_australis,Neoreomys australis,Euarchontaglires,Rodentia,Dasyproctidae,YPM,VPPU.015572,Phenome10K,Extinct,Miocene,Terrestrial,Herbivore,,,,,Closed 
Neoromica Nanu,Neoromicia_nana,Neoromica nanus,Laurasiatheria,Chiroptera,Vespertilionidae,AMNH,M-276136,Morphosource,Extant,Recent,Volant,Invertivore,Closed,Social,Nocturnal,Altricial,Open 
Neotherium Mirum,Neotherium_mirum,Neotherium mirum,Laurasiatheria,Carnivora,Odobenidae,LACM,131950,Phenome10K,Extinct,Miocene,Aquatic,Carnivore,,,,,Closed 
Neotoma Albigula,Neotoma_albigula,Neotoma albigula,Euarchontaglires,Rodentia,Cricetidae,UMN,3965,Phenome10K,Extant,Recent,Terrestrial,Herbivore,Desert,Solitary,Nocturnal,Altricial,Open 
Nesomys Rufus,Nesomys_rufus,Nesomys rufus,Euarchontaglires,Rodentia,Nesomyidae,NHMUK ZD,1935.1.8.335,Phenome10K,Extant,Recent,Terrestrial,Herbivore,Closed,Solitary,Diurnal,Altricial,Closed 
Noctilio Albiventris,Noctilio_albiventris,Noctilio albiventris,Laurasiatheria,Chiroptera,Noctilionidae,AMNH,M-243717,Morphosource,Extant,Recent,Volant,Invertivore,Closed,Social,Nocturnal,Altricial,Open 
Nothrotheriops Sp,Nothrotheriops_sp,Nothrotheriops sp,Xenarthra,Pilosa,Nothrotheriidae,MNHN.F,cast,Phenome10K,Extinct,Pliocene,Terrestrial,Herbivore,,,,,Closed 
Notostylops Pendens,Notostylops_pendens,Notostylops pendens,Laurasiatheria,Notoungulata,Notostylopidae,AMNH,FM 28634,Morphosource,Extinct,Eocene,Terrestrial,Herbivore,,,,,Closed 
Nycteris Tragata,Nycteris_tragata,Nycteris tragata,Laurasiatheria,Chiroptera,Nycteridae,AMNH,M-247250,Morphosource,Extant,Recent,Volant,Invertivore,Closed,Social,Nocturnal,Altricial,Open 
Ochotona Pallasi,Ochotona_pallasi,Ochotona pallasi,Euarchontaglires,Lagomorpha,Ochotonidae,NHMUK ZD,1994.230.,Phenome10K,Extant,Recent,Semi-fossorial,Herbivore,Open,Solitary,Diurnal,Altricial,Closed 
Odobenocetops Sp,Odobenocetops_peruvianus,Odobenocetops peruvianus,Laurasiatheria,Cetacea,Odobenocetopsidae,SMNK PAL,2491,Phenome10K,Extinct,Miocene,Aquatic,Carnivore,,,,,Closed 
Odobenus Rosmarus,Odobenus_rosmarus,Odobenus rosmarus,Laurasiatheria,Carnivora,Odobenidae,MVZ,125566,Digimorph,Extant,Recent,Aquatic,Invertivore,Aquatic,Social,Diurnal,Altricial,Open 
Onychmys Leucogaster,Onychomys_leucogaster,Onychomys leucogaster,Euarchontaglires,Rodentia,Cricetidae,UMN,3985,Phenome10K,Extant,Recent,Semi-fossorial,Invertivore,Open,Solitary,Nocturnal,Altricial,Open 
Oodectes Sp,Oodectes_sp,Oodectes sp,Laurasiatheria,Carnivora,Miacidae,AMNH,FM 14008,Morphosource,Extinct,Eocene,Semi-arboreal,Invertivore,,,,,Closed 
Orycteropus Afer,Orycteropus_afer,Orycteropus afer,Afrotheria,Tubulidentata,Orycteropodidae,AMNH,M-51909,Digimorph,Extant,Recent,Fossorial,Social insectivore,Open,Solitary,Nocturnal,Altricial,Open 
Oryctolagus Cuniculus,Oryctolagus_cuniculus,Oryctolagus cuniculus,Euarchontaglires,Lagomorpha,Leporidae,LDUCZ,z.1703,Phenome10K,Extant,Recent,Semi-fossorial,Herbivore,Mixed terrestrial,Social,Nocturnal,Altricial,Closed 
Osbornodon Fricki,Osbornodon_fricki,Osbornodon fricki,Laurasiatheria,Carnivora,Canidae,AMNH,F:AM 67098,Morphosource,Extinct,Miocene,Terrestrial,Carnivore,,,,,Closed 
Otolemur Crassicaudatus,Otolemur_crassicaudatus,Otolemur crassicaudatus,Euarchontaglires,Primates,Galagidae,NHMUK ZD,1964.911,Phenome10K,Extant,Recent,Arboreal,Omnivore,Closed,Social,Nocturnal,Altricial,Closed 
Otomys Angoniensi,Otomys_angoniensis,Otomys angoniensis,Euarchontaglires,Rodentia,Muridae,NHMUK ZD,1950.1478,Phenome10K,Extant,Recent,Terrestrial,Herbivore,Open,Solitary,Diurnal,Precocial,Closed 
Paedotherium Chapadmalensis,Paedotherium_chapadmalensis,Paedotherium chapadmalensis,Laurasiatheria,Notoungulata,Hegetotheriidae,AMNH,FM 45914,Morphosource,Extinct,Mioccene,Terrestrial,Herbivore,,,,,Closed 
Pakicetus Attocki,Pakicetus_attocki,Pakicetus attocki,Laurasiatheria,Cetacea,Pakicetidae,UMMP PV M,100148,,Extinct,Eocene,Aquatic,Carnivore,,,,,Open 
Palaeocastor Fossor,Palaeocastor_fossor,Palaeocastor fossor,Euarchontaglires,Rodentia,Castoridae,AMNH,F:AM 65022,Morphosource,Extinct,Oligocene,Semi-aquatic,Herbivore,,,,,Closed 
Palaeoprionodon Lamandini,Palaeoprionodon_lamandini,Palaeoprionodon lamandini,Laurasiatheria,Carnivora,Feliformia,MNHN.F,QU9370,Phenome10K,Extinct,Oligocene,Terrestrial,Omnivore,,,,,Closed 
Palaeopropithecus Maximus,Palaeopropithecus_maximus,Palaeopropithecus maximus,Euarchontaglires,Primates,Palaeopropithecidae,MNHN.F,MAD102,Phenome10K,Extinct,Holocene,Arboreal,Herbivore,,,,,Closed 
Pan Troglodytes,Pan_troglodytes,Pan troglodytes,Euarchontaglires,Primates,Hominidae,NHMUK ZD,1939.3378,Digimorph,Extant,Recent,Semi-arboreal,Omnivore,Closed,Social,Diurnal,Altricial,Closed 
Papio Papio,Papio_hamadryas,Papio hamadryas,Euarchontaglires,Primates,Cercopithecidae,USNM,378669,Smithsonian 3D,Extant,Recent,Terrestrial,Omnivore,Open,Social,Diurnal,Altricial,Open 
Paracastoroides Kansensis,Castoroides_kansensis,Castoroides ohioensis,Euarchontaglires,Rodentia,Castoridae,NHMUK PV M,7226,Phenome10K,Extinct,Pleistocene,Semi-aquatic,Herbivore,,,,,Closed 
Paraceratherium Sp,Paraceratherium_sp,Paraceratherium sp,Laurasiatheria,Perissodactyla,Paraceratheriidae,NHMUK PV M,84196,Phenome10K,Extinct,Oligocene,Terrestrial,Herbivore,,,,,Closed 
Paradoxurus Hermaphroditus,Paradoxurus_hermaphroditus,Paradoxurus hermaphroditus,Laurasiatheria,Carnivora,Viverridae,MNHN-ZO-AC,1990-581,Phenome10K,Extant,Recent,Semi-arboreal,Omnivore,Closed,Solitary,Nocturnal,Altricial,Closed 
Parahippus Tyleri,Parahippus_tyleri,Parahippus tyleri,Laurasiatheria,Perissodactyla,Equidae,FMNH,UC1251,Morphosource,Extinct,Oligocene,Terrestrial,Herbivore,,,,,Closed 
Pedetes Safer,Pedetes_capensis,Pedetes capensis,Euarchontaglires,Rodentia,Pedetidae,UM,N502,Phenome10K,Extant,Recent,Terrestrial,Herbivore,Open,Solitary,Nocturnal,Altricial,Open 
Petromys Typicus,Petromus_typicus,Petromus typicus,Euarchontaglires,Rodentia,Petromuridae,NHMUK ZD,1925.12.4.208,Phenome10K,Extant,Recent,Saxicolous,Herbivore,Desert,Solitary,Diurnal,Precocial,Open 
Petromyscus Shortridgei,Petromyscus_shortridgei,Petromyscus shortridgei,Euarchontaglires,Rodentia,Nesomyidae,NHMUK ZD,1928.9.11.360,Phenome10K,Extant,Recent,Saxicolous,Omnivore,Desert,Solitary,Nocturnal,Altricial,Open 
Phenacocoelus Stouti,Phenacocoelus_stouti,Phenacocoelus stouti,Laurasiatheria,Artiodactyla,Merycoidodontidae,FMNH,P12251,Morphosource,Extinct,Oligocene,Terrestrial,Herbivore,,,,,Closed 
Phocoena Phocoena,Phocoena_phocoena,Phocoena phocoena,Laurasiatheria,Cetacea,Phocoenidae,AMNH,10188,Morphosource,Extant,Recent,Aquatic,Piscivore,Aquatic,Social,All,Precocial,Closed 
Physeter Macrocephalus,Physeter_macrocephalus,Physeter macrocephalus,Laurasiatheria,Cetacea,Physeteridae,NHMUK ZD,2007.100.,Phenome10K,Extant,Recent,Aquatic,Bulk invertivore,Aquatic,Social,All,Precocial,Closed 
Pipistrellus Sp,Pipistrellus_hesperidus,Pipistrellus sp,Laurasiatheria,Chiroptera,Vespertillionidae,LDUCZ,z.617,Phenome10K,Extant,Recent,Volant,Invertivore,Open,Social,Nocturnal,Altricial,Open 
Platanista Gangetica,Platanista_gangetica,Platanista gangetica,Laurasiatheria,Cetacea,Platanistidae,USNM,172409,Phenome10K,Extant,Recent,Aquatic,Piscivore,Aquatic,Solitary,All,Precocial,Open 
Platygonus Compressus,Platygonus_compressus,Platygonus compressus,Laurasiatheria,Artiodactyla,Tayassuidae,AMNH,FM 45703,Morphosource,Extinct,Pliocene,Terrestrial,Herbivore,,,,,Closed 
Plesictis Lemanensis,Plesictis_lemanensis,Plesictis lemanensis,Laurasiatheria,Carnivora,Mustelidae,MNHN.F,SG3217,Phenome10K,Extinct,Oligocene,Semi-arboreal,Carnivore,,,,,Closed 
Pleurolestodon Aequidens,Pleurolestodon_aequidens,Pleurolestodon aequidens,Xenarthra,Pilosa,Mylodontidae,FMNH,P14495,Morphosource,Extinct,Miocene,Terrestrial,Herbivore,,,,,Closed 
Poebrotherium Sp,Poebrotherium_sp,Poebrotherium sp,Laurasiatheria,Artiodactyla,Camelidae,USNM,630934,Phenome10K,Extinct,Eocene,Terrestrial,Herbivore,,,,,Closed 
Pongo Pygmaeus,Pongo_pygmaeus,Pongo pygmaeus,Euarchontaglires,Primates,Hominidae,NHMUK ZD,1986.1101 / GERM 3.p ,Phenome10K,Extant,Recent,Arboreal,Herbivore,Closed,Social,Diurnal,Altricial,Closed 
Pontoporia Blainvillei,Pontoporia_blainvillei,Pontoporia blainvillei,Laurasiatheria,Cetacea,Pontoporiidae,USNM,482727,Phenome10K,Extant,Recent,Aquatic,Piscivore,Aquatic,Social,Diurnal,Precocial,Closed 
Potamagale Velox,Potamogale_velox,Potamogale velox,Afrotheria,Afrosoricida,Tenrecidae,NHMUK ZD,1898.10.7.6,Phenome10K,Extant,Recent,Semi-aquatic,Carnivore,Closed,Solitary,Nocturnal,Altricial,Closed 
Potamotherium Valetoni,Potamotherium_valetoni,Potamotherium valetoni,Laurasiatheria,Carnivora,Mustelidae,MNHN.F,SG 692,Phenome10K,Extinct,Oligocene,Aquatic,Carnivore,Aquatic,,,,Closed 
Potos Flavusply,Potos_flavus,Potos flavus,Laurasiatheria,Carnivora,Procyonidae,MNHN-ZO-AC,1995-957,Phenome10K,Extant,Recent,Arboreal,Herbivore,Closed,Social,Nocturnal,Altricial,Closed 
Prionodon Pardicolor,Prionodon_pardicolor,Prionodon pardicolor,Laurasiatheria,Carnivora,Viverridae,MNHN-ZO-AC,1929-424,Phenome10K,Extant,Recent,Arboreal,Carnivore,Closed,Solitary,Nocturnal,Altricial,Closed 
Procavia Capensis,Procavia_capensis,Procavia capensis,Afrotheria,Hyracoidea,Procaviidae,NHMUK ZD,1903.1.2.3,Phenome10K,Extant,Recent,Saxicolous,Herbivore,Open,Social,Diurnal,Precocial,Open 
Prodeinotherium Hobleyi,Prodeinotherium_hobleyi,Prodeinotherium hobleyi,Afrotheria,Proboscidea,Deinotheriidae,NHMUK PV M,26665,Phenome10K,Extinct,Miocene,Terrestrial,Herbivore,,,,,Closed 
Proechimys Cuvieri,Proechimys_cuvieri,Proechimys cuvieri,Euarchontaglires,Rodentia,Echimyidae,NHMUK ZD,1984.1092,Phenome10K,Extant,Recent,Fossorial,Herbivore,Closed,Social,Nocturnal,Precocial,Closed 
Proneotherium Repenningi,Proneotherium_repenningi,Proneotherium repenningi,Laurasiatheria,Carnivora,Odobenidae,LACM,124686,Phenome10K,Extinct,Miocene,Aquatic,Carnivore,Aquatic,,,,Closed 
Propalaeohoplophorus Australis,Propalaehoplophorus_australis,Propalaeohoplophorus australis,Xenarthra,Cingulata,Glyptodontidae,MLP,16-15a,,Extinct,Miocene,Terrestrial,Omnivore,,,,,Closed 
Proteles Cristatus,Proteles_cristata,Proteles cristatus,Laurasiatheria,Carnivora,Hyaenidae,J. Tseng pers. coll.,J050607T02,Phenome10K,Extant,Recent,Terrestrial,Social insectivore,Open,Solitary,Nocturnal,Altricial,Open 
Protosiren Sp,Protosiren_sp,Protosiren sp,Afrotheria,Sirenia,Protosirenidae,NHMUK PV M,60043a,Phenome10K,Extinct,Eocene,Aquatic,Herbivore,,,,,Closed 
Protypotherium Attenuatum,Protypotherium_attenuatum,Protypotherium attenuatum,Laurasiatheria,Notoungulata,Interatheriidae,YPM,VPPU.015665,Phenome10K,Extinct,Miocene,Terrestrial,Herbivore,,,,,Closed 
Pseudorca Crassidens,Pseudorca_crassidens,Pseudorca crassidens,Laurasiatheria,Cetacea,Delphinidae,AMNH,99681,Morphosource,Extant,Recent,Aquatic,Piscivore,Aquatic,Social,All,Precocial,Closed 
Pterodon Dasyuroides,Pterodon_dasyuroides,Pterodon dasyuroides,Laurasiatheria,Creodonta,Hyainailouridae,MNHN.F,QU8301,Phenome10K,Extinct,Eocene,Terrestrial,Carnivore,,,,,Closed 
Pteronarctos Goedertae,Pteronarctos_goedertae,Pteronarctos goedertae,Laurasiatheria,Carnivora,Pinnipedimorphia,LACM,123883,Phenome10K,Extinct,Miocene,Aquatic,Carnivore,Aquatic,,,,Closed 
Pteropus Sp,Pteropus_niger,Pteropus sp,Laurasiatheria,Chiroptera,Pteropodidae,LDUCZ,z.901,Phenome10K,Extant,Recent,Volant,Herbivore,Closed,Social,Nocturnal,Altricial,Open 
Ptilocercus Lowii,Ptilocercus_lowii,Ptilocercus lowii,Euarchontaglires,Scandentia,Ptilocercidae,NHMUK ZD,1961.1155,Phenome10K,Extant,Recent,Arboreal,Omnivore,Closed,Social,Nocturnal,Altricial,Closed 
Puelia Coarctatus,Puelia_coarctatus,Puelia coarctatus,Laurasiatheria,Notoungulata,Notohippidae,MLP,63-II-27-27a,,Extinct,Eocene,Terrestrial,Herbivore,,,,,Closed 
Puma Concolor,Puma_concolor,Puma concolor,Laurasiatheria,Carnivora,Felidae,NHMUK ZD,1865.5.18.33,Phenome10K,Extant,Recent,Terrestrial,Carnivore,Closed,Solitary,Nocturnal,Altricial,Closed 
Ratufa Affinis,Ratufa_affinis,Ratufa affinis,Euarchontaglires,Rodentia,Sciuridae,NHMUK ZD,1955.1724,Phenome10K,Extant,Recent,Arboreal,Herbivore,Closed,Solitary,Diurnal,Precocial,Closed 
Reithrodontomys Megalotis,Reithrodontomys_megalotis,Reithrodontomys megalotis,Euarchontaglires,Rodentia,Cricetidae,UMN,5017,Phenome10K,Extant,Recent,Terrestrial,Herbivore,Open,Solitary,Nocturnal,Altricial,Open 
Rhinolophus Acuminatus,Rhinolophus_acuminatus,Rhinolophus acuminatus,Laurasiatheria,Chiroptera,Rhinolophidae,AMNH,M-27381,Morphosource,Extant,Recent,Volant,Invertivore,Closed,Social,Nocturnal,Altricial,Open 
Rhinonycteris Aurantia,Rhinonicteris_aurantia,Rhinonicteris aurantia,Laurasiatheria,Chiroptera,Hipposideridae,AMNH,M-197216,Morphosource,Extant,Recent,Volant,Invertivore,Closed,Social,Nocturnal,Altricial,Open 
Rhinopoma Hardwickeii,Rhinopoma_hardwickii,Rhinopoma hardwickii,Laurasiatheria,Chiroptera,Rhinopomatidae,AMNH,M-21793,Morphosource,Extant,Recent,Volant,Invertivore,Desert,Social,Nocturnal,Altricial,Open 
Rhizomys Sumatrensis,Rhizomys_sinensis,Rhizomys sumatrensis,Euarchontaglires,Rodentia,Spalacidae,NHMUK ZD,1973.178,Phenome10K,Extant,Recent,Fossorial,Herbivore,Mixed terrestrial,Solitary,Nocturnal,Altricial,Closed 
Rhynchocyon Sp,Rhynchocyon_petersi,Rhynchocyon petersi,Afrotheria,Macroscelidea,Macroscelididae,LDUCZ,z.609,Phenome10K,Extant,Recent,Terrestrial,Invertivore,Closed,Solitary,Nocturnal,Precocial,Closed 
Saccolaimus Flaviventris,Saccolaimus_saccolaimus,Saccolaimus flaviventris,Laurasiatheria,Chiroptera,Emballonuridae,AMNH,M-107759,Morphosource,Extant,Recent,Volant,Invertivore,Closed,Social,Nocturnal,Altricial,Open 
Saiga Tatarica,Saiga_tatarica,Saiga tatarica,Laurasiatheria,Artiodactyla,Bovidae,NHMUK ZD,1961.5.30.1,Phenome10K,Extant,Recent,Terrestrial,Herbivore,Open,Social,Diurnal,Precocial,Closed 
Saimiri Sciureus,Saimiri_sciureus,Saimiri sciureus,Euarchontaglires,Primates,Cebidae,NHMUK ZD,1927.11.1.18,Phenome10K,Extant,Recent,Arboreal,Herbivore,Closed,Social,Diurnal,Altricial,Closed 
Scalopus Aquaticus,Scalopus_aquaticus,Scalopus aquaticus,Laurasiatheria,Eulipotyphla,Talpidae,NHMUK ZD,1907.7.7.1240,Phenome10K,Extant,Recent,Fossorial,Invertivore,Closed,Solitary,Nocturnal,Altricial,Closed 
Scelidotherium Sp,Scelidotherium_sp,Scelidotherium sp,Xenarthra,Pilosa,Mylodontidae,AMNH,FM 45910,Morphosource,Extinct,Pleistocene,Terrestrial,Herbivore,,,,,Closed 
Schizodelphis Morckhoviensis,Schizodelphis_morckhoviensis,Schizodelphis morckhoviensis,Laurasiatheria,Cetacea,Eurhinodelphidae,USNM,13873,Phenome10K,Extinct,Miocene,Aquatic,Carnivore,,,,,Open 
Sigmodon Inexoratus,Sigmodon_leucotis,Sigmodon inexoratus,Euarchontaglires,Rodentia,Cricetidae,UMN,6943,Phenome10K,Extant,Recent,Terrestrial,Herbivore,Open,Social,Diurnal,Altricial,Open 
Sinorhinus Cornutus,Sinorhinus_cornutus,Sinorhinus cornutus,Laurasiatheria,Perissodactyla,Rhinocerotidae,BSP,BSPG_25002_I_1,,Extinct,Miocene,Terrestrial,Herbivore,,,,,Closed 
Smilodon Sp,Smilodon_sp,Smilodon sp,Laurasiatheria,Carnivora,Felidae,MNHN.F,AMN109,Phenome10K,Extinct,Pliocene,Terrestrial,Carnivore,,,,,Closed 
Solenodon Paradoxus,Solenodon_paradoxus,Solenodon paradoxus,Laurasiatheria,Eulipotyphla,Solenodontidae,NHMUK ZD,1910.10.15.2,Phenome10K,Extant,Recent,Fossorial,Invertivore,Closed,Social,Nocturnal,Altricial,Closed 
Sorex Monticolus,Sorex_monticolus,Sorex monticolus,Laurasiatheria,Eulipotyphla,Soricidae,University of Arizona,uncatalogued,Digimorph,Extant,Recent,Terrestrial,Invertivore,Mixed terrestrial,Solitary,Nocturnal,Altricial,Open 
Spalax Leucodon,Spalax_leucodon,Nannospalax leucodon,Euarchontaglires,Rodentia,Spalacidae,NHMUK ZD,1903.1.29.1,Phenome10K,Extant,Recent,Fossorial,Herbivore,Mixed terrestrial,Solitary,Diurnal,Altricial,Closed 
Sphiggurus Villosus,Coendou_spinosus,Sphiggurus villosus,Euarchontaglires,Rodentia,Erethizontidae,NHMUK ZD,1885.6.26.27,Phenome10K,Extant,Recent,Arboreal,Herbivore,Closed,Solitary,Nocturnal,Precocial,Open 
Stegotherium Tesselatum,Stegotherium_tesselatum,Stegotherium tesselatum,Xenarthra,Cingulata,Stegotheriidae,YPM,VPPU.015565,Phenome10K,Extinct,Miocene,Terrestrial,Omnivore,,,,,Closed 
Steno Bredanensis,Steno_bredanensis,Steno bredanensis,Laurasiatheria,Cetacea,Delphinidae,USNM,572789,Phenome10K,Extant,Recent,Aquatic,Piscivore,Aquatic,Social,All,Precocial,Closed 
Stenopsochoerus Sternbergi,Stenopsochoerus_sternbergi,Stenopsochoerus sternbergi,Laurasiatheria,Artiodactyla,Oreodontidae,AMNH,F:AM 44980,Morphosource,Extinct,Oligocene,Terrestrial,Herbivore,,,,,Closed 
Stromeriella Franconica,Stromeriella_franconica,Stromeriella franconica,Laurasiatheria,Carnivora,Procyonidae,BSP,1937_II_13533,,Extinct,Miocene,Semi-arboreal,Omnivore,,,,,Closed 
Sus Scrofa,Sus_scrofa,Sus scrofa,Laurasiatheria,Artiodactyla,Suidae,LDUCZ,z.1492,Phenome10K,Extant,Recent,Terrestrial,Omnivore,Mixed terrestrial,Social,Nocturnal,Precocial,Closed 
Syndyoceras Cooki,Syndyoceras_cooki,Syndyoceras cooki,Laurasiatheria,Artiodactyla,Protoceratidae,AMNH,FM 127463,Morphosource,Extinct,Oligocene,Terrestrial,Herbivore,,,,,Closed 
Tachyoryctes Splendens,Tachyoryctes_splendens,Tachyoryctes splendens,Euarchontaglires,Rodentia,Spalacidae,NHMUK ZD,1978.3064,Phenome10K,Extant,Recent,Fossorial,Herbivore,Mixed terrestrial,Solitary,Diurnal,Altricial,Closed 
Tadarida Brasiliensis,Tadarida_brasiliensis,Tadarida brasiliensis,Laurasiatheria,Chiroptera,Molossidae,AMNH,M-89951,Morphosource,Extant,Recent,Volant,Invertivore,Closed,Social,Nocturnal,Altricial,Open 
Talpa Occidentalis,Talpa_occidentalis,Talpa occidentalis,Laurasiatheria,Eulipotyphla,Talpidae,A. Goswami pers. coll.,uncatalogued,Phenome10K,Extant,Recent,Fossorial,Invertivore,Mixed terrestrial,Solitary,Nocturnal,Altricial,Open 
Tamandua Sp,Tamandua_tetradactyla,Tamandua sp,Xenarthra,Pilosa,Myrmecophagidae,NHMUK ZD,1901.8.3.5,Phenome10K,Extant,Recent,Arboreal,Social insectivore,Mixed terrestrial,Solitary,Nocturnal,Precocial,Open 
Tamias Striatus,Tamias_striatus,Tamias striatus,Euarchontaglires,Rodentia,Sciuridae,UMN,6495,Phenome10K,Extant,Recent,Semi-fossorial,Herbivore,Closed,Solitary,Diurnal,Altricial,Open 
Tamiasciurus Douglasii,Tamiasciurus_douglasii,Tamiasciurus douglasii,Euarchontaglires,Rodentia,Sciuridae,UMN,12575,Phenome10K,Extant,Recent,Arboreal,Herbivore,Closed,Solitary,Diurnal,Altricial,Open 
Tapirus Terrestris,Tapirus_terrestris,Tapirus terrestris,Laurasiatheria,Perissodactyla,Tapiridae,NHMUK ZD,1847.4.6.1,Phenome10K,Extant,Recent,Semi-aquatic,Herbivore,Closed,Solitary,Nocturnal,Precocial,Open 
Tarsius Tarsier,Tarsius_tarsier,Tarsius tarsier,Euarchontaglires,Primates,Tarsiidae,USNM,200279,Morphosource,Extant,Recent,Arboreal,Invertivore,Closed,Social,Nocturnal,Altricial,Open 
Taxidea Taxus,Taxidea_taxus,Taxidea taxus,Laurasiatheria,Carnivora,Mustelidae,NMB,9186,Phenome10K,Extant,Recent,Semi-fossorial,Carnivore,Closed,Solitary,Nocturnal,Altricial,Closed 
Tayassu Pecari,Tayassu_pecari,Tayassu pecari,Laurasiatheria,Artiodactyla,Tayassuidae,NHMUK ZD,1847.4.6.8,Phenome10K,Extant,Recent,Terrestrial,Omnivore,Mixed terrestrial,Social,Diurnal,Precocial,Closed 
Teleoceras Medicornutus,Teleoceras_medicornutus,Teleoceras medicornutus,Laurasiatheria,Perissodactyla,Rhinocerotidae,AMNH,FM 9832,Morphosource,Extinct,Miocene,Terrestrial,Herbivore,,,,,Closed 
Tenrec Sp,Tenrec_ecaudatus,Tenrec ecaudatus,Afrotheria,Afrosoricida,Tenrecidae,LDUCZ,z.612,Phenome10K,Extant,Recent,Semi-fossorial,Omnivore,Closed,Solitary,Nocturnal,Altricial,Closed 
Tetracerus Quadricornis,Tetracerus_quadricornis,Tetracerus quadricornis,Laurasiatheria,Artiodactyla,Bovidae,NHMUK ZD,1843.1.12.86,Phenome10K,Extant,Recent,Terrestrial,Herbivore,Closed,Solitary,Diurnal,Precocial,Closed 
Thalassocnus Sp,Thalassocnus_sp,Thalassocnus sp,Xenarthra,Pilosa,Nothrotheriidae,MNHN.F,SAS-734,Phenome10K,Extinct,Miocene,Aquatic,Herbivore,,,,,Closed 
Thoatherium Minusculum,Thoatherium_minisculum,Thoatherium minusculum,Laurasiatheria,Litopterna,Proterotheriidae,YPM,VPPU.015721,Phenome10K,Extinct,Miocene,Terrestrial,Herbivore,,,,,Closed 
Thomomys Talpoides,Thomomys_talpoides,Thomomys talpoides,Euarchontaglires,Rodentia,Geomyidae,UMN,6262,Phenome10K,Extant,Recent,Fossorial,Herbivore,Open,Solitary,Nocturnal,Altricial,Open 
Thryonomys Swinderianus,Thryonomys_swinderianus,Thryonomys swinderianus,Euarchontaglires,Rodentia,Thryonomyidae,NHMUK ZD,1926.11.24.63,Phenome10K,Extant,Recent,Terrestrial,Herbivore,Closed,Social,Nocturnal,Precocial,Open 
Thyroptera Tricolor,Thyroptera_tricolor,Thyroptera tricolor,Laurasiatheria,Chiroptera,Thyropteridae,AMNH,M-246233,Morphosource,Extant,Recent,Volant,Invertivore,Closed,Social,Nocturnal,Altricial,Open 
Tolypeutes Tricinctus,Tolypeutes_tricinctus,Tolypeutes tricinctus,Xenarthra,Cingulata,Dasypodidae,NHMUK ZD,1976.1394,Phenome10K,Extant,Recent,Semi-fossorial,Social insectivore,Open,Solitary,Nocturnal,Precocial,Closed 
Tomopeas Ravus,Tomopeas_ravus,Tomopeas ravus,Laurasiatheria,Chiroptera,Molossidae,AMNH,M-278525,Morphosource,Extant,Recent,Volant,Invertivore,Desert,Solitary,Nocturnal,Altricial,Open 
Tragelaphus Scriptus,Tragelaphus_scriptus,Tragelaphus scriptus,Laurasiatheria,Artiodactyla,Bovidae,NHMUK ZD,1908.1.1.128,Phenome10K,Extant,Recent,Terrestrial,Herbivore,Open,Social,Nocturnal,Precocial,Closed 
Tragulus Kanchil,Tragulus_javanicus,Tragulus javanicus,Laurasiatheria,Artiodactyla,Tragulidae,NHMUK ZD,1909.1.5.850,Phenome10K,Extant,Recent,Terrestrial,Herbivore,Closed,Solitary,Nocturnal,Precocial,Closed 
Trichechus Senegalensis,Trichechus_senegalensis,Trichechus senegalensis,Afrotheria,Sirenia,Trichechidae,AMNH,M-53939,Digimorph,Extant,Recent,Aquatic,Herbivore,Aquatic,Social,Nocturnal,Precocial,Open 
Trogosus Granderi,Trogosus_grangeri,Trogosus granderi,Stem,Cimolesta,Esthonychidae,AMNH,FM 17008,Morphosource,Extinct,Eocene,Terrestrial,Herbivore,,,,,Closed 
Tupaia Sp,Tupaia_glis,Tupaia sp,Euarchontaglires,Scandentia,Tupaiidae,LDUCZ,z.2511,Phenome10K,Extant,Recent,Arboreal,Omnivore,Closed,Social,Diurnal,Altricial,Closed 
Tursiops Truncatus,Tursiops_truncatus,Tursiops truncatus,Laurasiatheria,Cetacea,Delphinidae,SDSNH,21212,Digimorph,Extant,Recent,Aquatic,Piscivore,Aquatic,Social,All,Precocial,Open 
Tylomys Nudicaudatus,Tylomys_nudicaudus,Tylomys nudicaudus,Euarchontaglires,Rodentia,Cricetidae,UMN,14785,Phenome10K,Extant,Recent,Semi-arboreal,Herbivore,Closed,Solitary,Nocturnal,Precocial,Open 
Tympanoctomys Barrerae,Tympanoctomys_barrerae,Tympanoctomys barrerae,Euarchontaglires,Rodentia,Octodontidae,NHMUK ZD,2003.232,Phenome10K,Extant,Recent,Fossorial,Herbivore,Desert,Solitary,Nocturnal,Precocial,Closed 
Uintatherium Anceps,Uintatherium_anceps,Uintatherium anceps,Laurasiatheria,Amblypoda,Uintatheriidae,FMNH,PM60171,Morphosource,Extinct,Eocene,Terrestrial,Herbivore,,,,,Closed 
Urocitellus Tridecemlineatus,Ictidomys_tridecemlineatus,Ictidomys tridecemlineatus,Euarchontaglires,Rodentia,Sciuridae,UMN,2044,Phenome10K,Extant,Recent,Semi-fossorial,Herbivore,Open,Social,Diurnal,Altricial,Open 
Vampyrum Spectrum,Vampyrum_spectrum,Vampyrum spectrum,Laurasiatheria,Chiroptera,Phyllostomidae,AMNH,M-202292,Morphosource,Extant,Recent,Volant,Carnivore,Closed,Social,Nocturnal,Altricial,Open 
Viverra Tangalunga,Viverra_tangalunga,Viverra tangalunga,Laurasiatheria,Carnivora,Viverridae,NHMUK GMCM,73.a,Phenome10K,Extant,Recent,Terrestrial,Omnivore,Closed,Solitary,Nocturnal,Altricial,Closed 
Vulpes Pallida,Vulpes_pallida,Vulpes pallida,Laurasiatheria,Carnivora,Canidae,MNHN-ZO-AC,1958-166,Phenome10K,Extant,Recent,Terrestrial,Omnivore,Desert,Social,Nocturnal,Altricial,Closed 
Xiphiacetus Bossi,Xiphiacetus_bossi,Xiphiacetus bossi,Laurasiatheria,Cetacea,Eurhinodelphidae,USNM,8842,Phenome10K,Extinct,Miocene,Aquatic,Carnivore,Aquatic,,,,Open 
Zalophus Californianus,Zalophus_californianus,Zalophus californianus,Laurasiatheria,Carnivora,Otariidae,NHMUK ZD,1903.10.11.4,Phenome10K,Extant,Recent,Aquatic,Piscivore,Aquatic,Social,Nocturnal,Altricial,Closed 
Zapus Hudsonius,Zapus_hudsonius,Zapus hudsonius,Euarchontaglires,Rodentia,Dipodidae,UMN,9981,Phenome10K,Extant,Recent,Terrestrial,Herbivore,Open,Solitary,Nocturnal,Altricial,Open 
Zodiolestes Daimonelixensis,Zodiolestes_sp,Zodiolestes daimonelixensis,Laurasiatheria,Carnivora,Mustelidae,FMNH,P12032,Morphosource,Extinct,Oligocene,Semi-arboreal,Omnivore,,,,,Closed 
